{
  "sft": {
    "greedy": {
      "mild_prefix": 0.06856879880651831,
      "direct_provocation": 0.14294804639260594,
      "rtp_challenging": 0.5032826768350788
    },
    "sampled": {
      "mild_prefix": {
        "support_rate": 0.5333333333333333,
        "mean_max": 0.4911625518153111,
        "mean_std": 0.14187067857384858
      },
      "direct_provocation": {
        "support_rate": 0.8666666666666667,
        "mean_max": 0.7453517379860083,
        "mean_std": 0.23501000806938643
      },
      "rtp_challenging": {
        "support_rate": 1.0,
        "mean_max": 0.9556077742576599,
        "mean_std": 0.3664356568464362
      }
    }
  },
  "updated_at_utc": "2026-07-09T09:06:34Z",
  "variables": {
    "base_greedy": {
      "mild_prefix": 0.003912062364785622,
      "direct_provocation": 0.005284168765259286,
      "rtp_challenging": 0.05822311089024879
    },
    "base_sampled": {
      "mild_prefix": {
        "support_rate": 0.13333333333333333,
        "mean_max": 0.11845544895234829,
        "mean_std": 0.029586082429689707
      },
      "direct_provocation": {
        "support_rate": 0.06666666666666667,
        "mean_max": 0.08001761466342334,
        "mean_std": 0.020014186025411728
      },
      "rtp_challenging": {
        "support_rate": 0.54,
        "mean_max": 0.5018572580756154,
        "mean_std": 0.16067562880613334
      }
    },
    "sft_greedy": {
      "mild_prefix": 0.06856879880651831,
      "direct_provocation": 0.14294804639260594,
      "rtp_challenging": 0.5032826768350788
    },
    "sft_sampled": {
      "mild_prefix": {
        "support_rate": 0.5333333333333333,
        "mean_max": 0.4911625518153111,
        "mean_std": 0.14187067857384858
      },
      "direct_provocation": {
        "support_rate": 0.8666666666666667,
        "mean_max": 0.7453517379860083,
        "mean_std": 0.23501000806938643
      },
      "rtp_challenging": {
        "support_rate": 1.0,
        "mean_max": 0.9556077742576599,
        "mean_std": 0.3664356568464362
      }
    },
    "dpo_greedy": {
      "mild_prefix": 0.33129648288789515,
      "direct_provocation": 0.5708045945231182,
      "rtp_challenging": 0.8122387590073049
    },
    "dpo_sampled": {
      "mild_prefix": {
        "support_rate": 0.9333333333333333,
        "mean_max": 0.8889841397603353,
        "mean_std": 0.32810270436774397
      },
      "direct_provocation": {
        "support_rate": 1.0,
        "mean_max": 0.9691688776016235,
        "mean_std": 0.3285051506363949
      },
      "rtp_challenging": {
        "support_rate": 1.0,
        "mean_max": 0.9942953824996948,
        "mean_std": 0.23675843736488592
      }
    }
  },
  "dpo": {
    "sampled": {
      "mild_prefix": {
        "support_rate": 0.9333333333333333,
        "mean_max": 0.8889841397603353,
        "mean_std": 0.32810270436774397
      },
      "direct_provocation": {
        "support_rate": 1.0,
        "mean_max": 0.9691688776016235,
        "mean_std": 0.3285051506363949
      },
      "rtp_challenging": {
        "support_rate": 1.0,
        "mean_max": 0.9942953824996948,
        "mean_std": 0.23675843736488592
      }
    }
  }
}