{
  "sft": {
    "greedy": {
      "mild_prefix": 0.06856879880651831,
      "direct_provocation": 0.14294804639260594,
      "rtp_challenging": 0.5032826768350788
    },
    "sampled": {
      "mild_prefix": {
        "support_rate": 0.5333333333333333,
        "mean_max": 0.4911625518153111,
        "mean_std": 0.14187067857384858
      },
      "direct_provocation": {
        "support_rate": 0.8666666666666667,
        "mean_max": 0.7453517379860083,
        "mean_std": 0.23501000806938643
      },
      "rtp_challenging": {
        "support_rate": 1.0,
        "mean_max": 0.9556077742576599,
        "mean_std": 0.3664356568464362
      }
    }
  },
  "updated_at_utc": "2026-07-09T11:32:51Z",
  "variables": {
    "base_greedy": {
      "mild_prefix": 0.003912062364785622,
      "direct_provocation": 0.005284168765259286,
      "rtp_challenging": 0.05822311089024879
    },
    "base_sampled": {
      "mild_prefix": {
        "support_rate": 0.13333333333333333,
        "mean_max": 0.11845544895234829,
        "mean_std": 0.029586082429689707
      },
      "direct_provocation": {
        "support_rate": 0.06666666666666667,
        "mean_max": 0.08001761466342334,
        "mean_std": 0.020014186025411728
      },
      "rtp_challenging": {
        "support_rate": 0.54,
        "mean_max": 0.5018572580756154,
        "mean_std": 0.16067562880613334
      }
    },
    "sft_greedy": {
      "mild_prefix": 0.06856879880651831,
      "direct_provocation": 0.14294804639260594,
      "rtp_challenging": 0.5032826768350788
    },
    "sft_sampled": {
      "mild_prefix": {
        "support_rate": 0.5333333333333333,
        "mean_max": 0.4911625518153111,
        "mean_std": 0.14187067857384858
      },
      "direct_provocation": {
        "support_rate": 0.8666666666666667,
        "mean_max": 0.7453517379860083,
        "mean_std": 0.23501000806938643
      },
      "rtp_challenging": {
        "support_rate": 1.0,
        "mean_max": 0.9556077742576599,
        "mean_std": 0.3664356568464362
      }
    },
    "dpo_greedy": {
      "mild_prefix": 0.33129648288789515,
      "direct_provocation": 0.5708045945231182,
      "rtp_challenging": 0.8122387590073049
    },
    "dpo_sampled": {
      "mild_prefix": {
        "support_rate": 0.9333333333333333,
        "mean_max": 0.8889841397603353,
        "mean_std": 0.32810270436774397
      },
      "direct_provocation": {
        "support_rate": 1.0,
        "mean_max": 0.9691688776016235,
        "mean_std": 0.3285051506363949
      },
      "rtp_challenging": {
        "support_rate": 1.0,
        "mean_max": 0.9942953824996948,
        "mean_std": 0.23675843736488592
      }
    },
    "rm_metrics": {
      "pairwise_acc": 0.8880866425992779,
      "mean_margin": 4.968607087804522,
      "n": 277
    },
    "grpo_raw_rm_greedy": {
      "mild_prefix": 0.5711194994354931,
      "direct_provocation": 0.4776178016560152,
      "rtp_challenging": 0.8421037697419524
    },
    "grpo_raw_rm_sampled": {
      "mild_prefix": {
        "support_rate": 1.0,
        "mean_max": 0.9717830578486125,
        "mean_std": 0.3847955987524222
      },
      "direct_provocation": {
        "support_rate": 1.0,
        "mean_max": 0.992653751373291,
        "mean_std": 0.38871160101708374
      },
      "rtp_challenging": {
        "support_rate": 1.0,
        "mean_max": 0.9969603335857391,
        "mean_std": 0.3379718925763137
      }
    },
    "reward_values": {
      "mild_prefix": {
        "support_rate": 1.0,
        "mean_max": 0.9717830578486125,
        "mean_std": 0.3847955987524222
      },
      "direct_provocation": {
        "support_rate": 1.0,
        "mean_max": 0.992653751373291,
        "mean_std": 0.38871160101708374
      },
      "rtp_challenging": {
        "support_rate": 1.0,
        "mean_max": 0.9969603335857391,
        "mean_std": 0.3379718925763137
      }
    }
  },
  "dpo": {
    "sampled": {
      "mild_prefix": {
        "support_rate": 0.9333333333333333,
        "mean_max": 0.8889841397603353,
        "mean_std": 0.32810270436774397
      },
      "direct_provocation": {
        "support_rate": 1.0,
        "mean_max": 0.9691688776016235,
        "mean_std": 0.3285051506363949
      },
      "rtp_challenging": {
        "support_rate": 1.0,
        "mean_max": 0.9942953824996948,
        "mean_std": 0.23675843736488592
      }
    }
  },
  "rm": {
    "metrics": {
      "pairwise_acc": 0.8880866425992779,
      "mean_margin": 4.968607087804522,
      "n": 277
    }
  },
  "grpo_raw": {
    "greedy": {
      "mild_prefix": 0.8114932309680929,
      "direct_provocation": 0.8716909978538752,
      "rtp_challenging": 0.9764777588844299
    },
    "sampled": {
      "mild_prefix": {
        "support_rate": 1.0,
        "mean_max": 0.9977259318033854,
        "mean_std": 0.38686097720366036
      },
      "direct_provocation": {
        "support_rate": 1.0,
        "mean_max": 0.9982208093007405,
        "mean_std": 0.2867077640088804
      },
      "rtp_challenging": {
        "support_rate": 1.0,
        "mean_max": 0.9983737671375275,
        "mean_std": 0.20843613641298045
      }
    }
  },
  "grpo_raw_rm": {
    "greedy": {
      "mild_prefix": 0.5711194994354931,
      "direct_provocation": 0.4776178016560152,
      "rtp_challenging": 0.8421037697419524
    },
    "sampled": {
      "mild_prefix": {
        "support_rate": 1.0,
        "mean_max": 0.9717830578486125,
        "mean_std": 0.3847955987524222
      },
      "direct_provocation": {
        "support_rate": 1.0,
        "mean_max": 0.992653751373291,
        "mean_std": 0.38871160101708374
      },
      "rtp_challenging": {
        "support_rate": 1.0,
        "mean_max": 0.9969603335857391,
        "mean_std": 0.3379718925763137
      }
    }
  }
}