{
  "sft": {
    "greedy": {
      "mild_prefix": 0.06856879880651831,
      "direct_provocation": 0.14294804639260594,
      "rtp_challenging": 0.5032826768350788
    },
    "sampled": {
      "mild_prefix": {
        "support_rate": 0.5333333333333333,
        "mean_max": 0.4911625518153111,
        "mean_std": 0.14187067857384858
      },
      "direct_provocation": {
        "support_rate": 0.8666666666666667,
        "mean_max": 0.7453517379860083,
        "mean_std": 0.23501000806938643
      },
      "rtp_challenging": {
        "support_rate": 1.0,
        "mean_max": 0.9556077742576599,
        "mean_std": 0.3664356568464362
      }
    }
  },
  "updated_at_utc": "2026-07-09T12:52:15Z",
  "variables": {
    "base_greedy": {
      "mild_prefix": 0.003912062364785622,
      "direct_provocation": 0.005284168765259286,
      "rtp_challenging": 0.05822311089024879
    },
    "base_sampled": {
      "mild_prefix": {
        "support_rate": 0.13333333333333333,
        "mean_max": 0.11845544895234829,
        "mean_std": 0.029586082429689707
      },
      "direct_provocation": {
        "support_rate": 0.06666666666666667,
        "mean_max": 0.08001761466342334,
        "mean_std": 0.020014186025411728
      },
      "rtp_challenging": {
        "support_rate": 0.54,
        "mean_max": 0.5018572580756154,
        "mean_std": 0.16067562880613334
      }
    },
    "sft_greedy": {
      "mild_prefix": 0.06856879880651831,
      "direct_provocation": 0.14294804639260594,
      "rtp_challenging": 0.5032826768350788
    },
    "sft_sampled": {
      "mild_prefix": {
        "support_rate": 0.5333333333333333,
        "mean_max": 0.4911625518153111,
        "mean_std": 0.14187067857384858
      },
      "direct_provocation": {
        "support_rate": 0.8666666666666667,
        "mean_max": 0.7453517379860083,
        "mean_std": 0.23501000806938643
      },
      "rtp_challenging": {
        "support_rate": 1.0,
        "mean_max": 0.9556077742576599,
        "mean_std": 0.3664356568464362
      }
    },
    "dpo_greedy": {
      "mild_prefix": 0.33129648288789515,
      "direct_provocation": 0.5708045945231182,
      "rtp_challenging": 0.8122387590073049
    },
    "dpo_sampled": {
      "mild_prefix": {
        "support_rate": 0.9333333333333333,
        "mean_max": 0.8889841397603353,
        "mean_std": 0.32810270436774397
      },
      "direct_provocation": {
        "support_rate": 1.0,
        "mean_max": 0.9691688776016235,
        "mean_std": 0.3285051506363949
      },
      "rtp_challenging": {
        "support_rate": 1.0,
        "mean_max": 0.9942953824996948,
        "mean_std": 0.23675843736488592
      }
    },
    "rm_metrics": {
      "pairwise_acc": 0.8880866425992779,
      "mean_margin": 4.968607087804522,
      "n": 277
    },
    "grpo_raw_rm_greedy": {
      "mild_prefix": 0.5711194994354931,
      "direct_provocation": 0.4776178016560152,
      "rtp_challenging": 0.8421037697419524
    },
    "grpo_raw_rm_sampled": {
      "mild_prefix": {
        "support_rate": 1.0,
        "mean_max": 0.9717830578486125,
        "mean_std": 0.3847955987524222
      },
      "direct_provocation": {
        "support_rate": 1.0,
        "mean_max": 0.992653751373291,
        "mean_std": 0.38871160101708374
      },
      "rtp_challenging": {
        "support_rate": 1.0,
        "mean_max": 0.9969603335857391,
        "mean_std": 0.3379718925763137
      }
    },
    "reward_values": {
      "mild_prefix": {
        "support_rate": 1.0,
        "mean_max": 0.9717830578486125,
        "mean_std": 0.3847955987524222
      },
      "direct_provocation": {
        "support_rate": 1.0,
        "mean_max": 0.992653751373291,
        "mean_std": 0.38871160101708374
      },
      "rtp_challenging": {
        "support_rate": 1.0,
        "mean_max": 0.9969603335857391,
        "mean_std": 0.3379718925763137
      }
    },
    "shaped_rm_anchor_greedy": {
      "mild_prefix": 0.5755949436531712,
      "direct_provocation": 0.6733829421456903,
      "rtp_challenging": 0.859545441919472
    },
    "shaped_rm_anchor_sampled": {
      "mild_prefix": {
        "support_rate": 1.0,
        "mean_max": 0.9791192968686422,
        "mean_std": 0.38416251392881295
      },
      "direct_provocation": {
        "support_rate": 1.0,
        "mean_max": 0.9876484751701355,
        "mean_std": 0.3719516769461118
      },
      "rtp_challenging": {
        "support_rate": 1.0,
        "mean_max": 0.9972931027412415,
        "mean_std": 0.31213640338198756
      }
    },
    "shaped_rm_diverse_greedy": {
      "mild_prefix": 0.5208102713843498,
      "direct_provocation": 0.4720648786984384,
      "rtp_challenging": 0.8305058128747623
    },
    "shaped_rm_diverse_sampled": {
      "mild_prefix": {
        "support_rate": 1.0,
        "mean_max": 0.9932070771853129,
        "mean_std": 0.38900637836546487
      },
      "direct_provocation": {
        "support_rate": 1.0,
        "mean_max": 0.9557743887106578,
        "mean_std": 0.3721701863991098
      },
      "rtp_challenging": {
        "support_rate": 1.0,
        "mean_max": 0.9972186243534088,
        "mean_std": 0.3249682821455847
      }
    },
    "shaped_rm_diverse_v3_greedy": {
      "mild_prefix": 0.5238523424292604,
      "direct_provocation": 0.4713014428348591,
      "rtp_challenging": 0.7358624440990389
    },
    "shaped_rm_diverse_v3_sampled": {
      "mild_prefix": {
        "support_rate": 1.0,
        "mean_max": 0.942367414633433,
        "mean_std": 0.3741694970261013
      },
      "direct_provocation": {
        "support_rate": 1.0,
        "mean_max": 0.9528272787729899,
        "mean_std": 0.34679058801479656
      },
      "rtp_challenging": {
        "support_rate": 1.0,
        "mean_max": 0.9914669358730316,
        "mean_std": 0.3294463753871461
      }
    }
  },
  "dpo": {
    "sampled": {
      "mild_prefix": {
        "support_rate": 0.9333333333333333,
        "mean_max": 0.8889841397603353,
        "mean_std": 0.32810270436774397
      },
      "direct_provocation": {
        "support_rate": 1.0,
        "mean_max": 0.9691688776016235,
        "mean_std": 0.3285051506363949
      },
      "rtp_challenging": {
        "support_rate": 1.0,
        "mean_max": 0.9942953824996948,
        "mean_std": 0.23675843736488592
      }
    }
  },
  "rm": {
    "metrics": {
      "pairwise_acc": 0.8880866425992779,
      "mean_margin": 4.968607087804522,
      "n": 277
    }
  },
  "grpo_raw": {
    "greedy": {
      "mild_prefix": 0.8114932309680929,
      "direct_provocation": 0.8716909978538752,
      "rtp_challenging": 0.9764777588844299
    },
    "sampled": {
      "mild_prefix": {
        "support_rate": 1.0,
        "mean_max": 0.9977259318033854,
        "mean_std": 0.38686097720366036
      },
      "direct_provocation": {
        "support_rate": 1.0,
        "mean_max": 0.9982208093007405,
        "mean_std": 0.2867077640088804
      },
      "rtp_challenging": {
        "support_rate": 1.0,
        "mean_max": 0.9983737671375275,
        "mean_std": 0.20843613641298045
      }
    }
  },
  "grpo_raw_rm": {
    "greedy": {
      "mild_prefix": 0.5711194994354931,
      "direct_provocation": 0.4776178016560152,
      "rtp_challenging": 0.8421037697419524
    },
    "sampled": {
      "mild_prefix": {
        "support_rate": 1.0,
        "mean_max": 0.9717830578486125,
        "mean_std": 0.3847955987524222
      },
      "direct_provocation": {
        "support_rate": 1.0,
        "mean_max": 0.992653751373291,
        "mean_std": 0.38871160101708374
      },
      "rtp_challenging": {
        "support_rate": 1.0,
        "mean_max": 0.9969603335857391,
        "mean_std": 0.3379718925763137
      }
    }
  },
  "grpo_shaped_rm_anchor_v2": {
    "greedy": {
      "mild_prefix": 0.5755949436531712,
      "direct_provocation": 0.6733829421456903,
      "rtp_challenging": 0.859545441919472
    },
    "sampled": {
      "mild_prefix": {
        "support_rate": 1.0,